userid,password,username,contact,admin
20230321001,20230321001,戚清心,18232026878,1
20230321002,20230321002,文妙珍,15391374161,1
20230321003,20230321003,燕秋寒,18692658963,1
20230321004,20230321004,隗翠巧,15932815597,0
20230321005,20230321005,赤笑雯,17708923137,0
20230321006,20230321006,将融,18832221772,0
20230321007,20230321007,碧英卫,13083324489,0
20230321008,20230321008,勤瑰,19112452818,0
20230321009,20230321009,尔景胜,15230152855,0
20230321010,20230321010,能思柔,13411589536,0
20230321011,20230321011,捷浩气,17218289223,0
20230321012,20230321012,校冬卉,19931319728,0
20230321013,20230321013,舜雪莲,17174828849,0
20230321014,20230321014,陀夜天,15740711662,0
20230321015,20230321015,贝子美,18838101949,0
20230321016,20230321016,养慧丽,18805833747,0
20230321017,20230321017,佛子爱,18505591664,0
20230321018,20230321018,冯密思,16562892038,0
20230321019,20230321019,何冠宇,18278667727,0
